epoch,HR@K,NDCG@K,Precision@K,Recall@K,MRR@K,MAP@K,Coverage@K,Novelty(bits),GiniPicked,TailCov@K
0,0.023268826332748075,0.008917850012141744,0.002326882633274758,0.023268826332748075,0.004780670685376515,0.004780670685376515,0.2195,13.100153529584425,0.4944190319919662,0.0
