{
  "pop": {
    "sparse": {
      "HR@K": 0.0025582854660423805,
      "NDCG@K": 0.0008786029196645712,
      "Precision@K": 0.00025582854660423794,
      "Recall@K": 0.0025582854660423805,
      "MRR@K": 0.0004091609451941544,
      "MAP@K": 0.0004091609451941544,
      "Coverage@K": 0.2126,
      "Novelty(bits)": 13.100176906917838,
      "GiniPicked": 0.4815227663067369,
      "TailCov@K": 0.0
    },
    "medium": {
      "HR@K": 0.016779778763426494,
      "NDCG@K": 0.006607194294918699,
      "Precision@K": 0.001677977876342659,
      "Recall@K": 0.016779778763426494,
      "MRR@K": 0.0036813173763422377,
      "MAP@K": 0.0036813173763422377,
      "Coverage@K": 0.2076,
      "Novelty(bits)": 13.100129379507205,
      "GiniPicked": 0.471056014247048,
      "TailCov@K": 0.0
    },
    "dense": {
      "HR@K": 0.06677957899830632,
      "NDCG@K": 0.025815363124882574,
      "Precision@K": 0.006677957899830597,
      "Recall@K": 0.06677957899830632,
      "MRR@K": 0.013988071234623329,
      "MAP@K": 0.013988071234623329,
      "Coverage@K": 0.1995,
      "Novelty(bits)": 13.100091287584144,
      "GiniPicked": 0.45228689111277265,
      "TailCov@K": 0.0
    }
  },
  "neumf": {
    "sparse": {
      "HR@K": 0.7530047786841724,
      "NDCG@K": 0.5316396092640421,
      "Precision@K": 0.07530047786840163,
      "Recall@K": 0.7530047786841724,
      "MRR@K": 0.4627938024979129,
      "MAP@K": 0.4627938024979129,
      "Coverage@K": 0.7579,
      "Novelty(bits)": 13.472688072511051,
      "GiniPicked": 0.5700064738754139,
      "TailCov@K": 0.5129555437563353
    },
    "medium": {
      "HR@K": 0.824026078127505,
      "NDCG@K": 0.5909492515466425,
      "Precision@K": 0.08240260781273409,
      "Recall@K": 0.824026078127505,
      "MRR@K": 0.5178177423554987,
      "MAP@K": 0.5178177423554987,
      "Coverage@K": 0.8673,
      "Novelty(bits)": 13.38590736383738,
      "GiniPicked": 0.43477539988838665,
      "TailCov@K": 0.36090418425693366
    },
    "dense": {
      "HR@K": 0.8349866924751996,
      "NDCG@K": 0.5839211856805111,
      "Precision@K": 0.08349866924753237,
      "Recall@K": 0.8349866924751996,
      "MRR@K": 0.5049226000048593,
      "MAP@K": 0.5049226000048593,
      "Coverage@K": 0.9956,
      "Novelty(bits)": 13.275728849861071,
      "GiniPicked": 0.2724522522860567,
      "TailCov@K": 0.1673199451568675
    }
  },
  "ssr": {
    "sparse": {
      "HR@K": 0.04802818940966356,
      "NDCG@K": 0.02248237240305538,
      "Precision@K": 0.00480281894096629,
      "Recall@K": 0.04802818940966356,
      "MRR@K": 0.014925994371618715,
      "MAP@K": 0.014925994371618715,
      "Coverage@K": 0.4923,
      "Novelty(bits)": 13.208331661953116,
      "GiniPicked": 0.6221874344266477,
      "TailCov@K": 0.04642564077810494
    },
    "medium": {
      "HR@K": 0.10292310158713194,
      "NDCG@K": 0.046428972163112245,
      "Precision@K": 0.010292310158712839,
      "Recall@K": 0.10292310158713194,
      "MRR@K": 0.02969239192853793,
      "MAP@K": 0.02969239192853793,
      "Coverage@K": 0.4908,
      "Novelty(bits)": 13.208735890132875,
      "GiniPicked": 0.6201042875109463,
      "TailCov@K": 0.04657724576497622
    },
    "dense": {
      "HR@K": 0.11073473667231229,
      "NDCG@K": 0.050726303811689785,
      "Precision@K": 0.011073473667230944,
      "Recall@K": 0.11073473667231229,
      "MRR@K": 0.032976225681282514,
      "MAP@K": 0.032976225681282514,
      "Coverage@K": 0.4874,
      "Novelty(bits)": 13.208258289360417,
      "GiniPicked": 0.6062724061132043,
      "TailCov@K": 0.04576175498024034
    }
  },
  "lightgcn": {
    "sparse": {
      "HR@K": 0.7031906164019887,
      "NDCG@K": 0.44713146453708436,
      "Precision@K": 0.0703190616401878,
      "Recall@K": 0.7031906164019887,
      "MRR@K": 0.3678815840989345,
      "MAP@K": 0.3678815840989345,
      "Coverage@K": 0.7815,
      "Novelty(bits)": 13.4107824530278,
      "GiniPicked": 0.5248885904804135,
      "TailCov@K": 0.4126466187189265
    },
    "medium": {
      "HR@K": 0.6890931438037727,
      "NDCG@K": 0.4283852726635228,
      "Precision@K": 0.06890931438037315,
      "Recall@K": 0.6890931438037727,
      "MRR@K": 0.34780025175605433,
      "MAP@K": 0.34780025175605433,
      "Coverage@K": 0.8895,
      "Novelty(bits)": 13.346406217898373,
      "GiniPicked": 0.4630790815629971,
      "TailCov@K": 0.30150697376155616
    },
    "dense": {
      "HR@K": 0.6573917251391241,
      "NDCG@K": 0.3934829425826946,
      "Precision@K": 0.06573917251392183,
      "Recall@K": 0.6573917251391241,
      "MRR@K": 0.3119969352367152,
      "MAP@K": 0.3119969352367152,
      "Coverage@K": 0.9618,
      "Novelty(bits)": 13.254379049064385,
      "GiniPicked": 0.3162049002435835,
      "TailCov@K": 0.13308331317041697
    }
  }
}